From,To
africartoons,help
amber.fruhlingly,mplotkowiak
susan.sunshine.777,linda.ederberg
susan.sunshine.777,shampag
franz.droehnack,anne.suess
franz.droehnack,cschmutz
franz.droehnack,esther.braun.79
franz.droehnack,dkoelsch
franz.droehnack,benediktz
franz.droehnack,andreas.rose.756
franz.droehnack,corina.stock
franz.droehnack,benjamin.stiurins
petra.stroh.7,stefanie.kruger.583
petra.stroh.7,mplotkowiak
kathydelcastillo,anna.greus.3
kathydelcastillo,laura.kommer
kathydelcastillo,dkoelsch
kathydelcastillo,Keibertz
kathydelcastillo,jana.ebermann
kathydelcastillo,joachim.zimmermann.12
kathydelcastillo,corina.stock
kathydelcastillo,jan.suess
dr.jedda.jones,jana.ebermann
biehl.matt,negar.rajabi
biehl.matt,susanne.murbeth
biehl.matt,moefurui
biehl.matt,eike.nicklas
biehl.matt,MaVats
biehl.matt,saerom.yoon
biehl.matt,catalin.andrei.92
biehl.matt,jracle
andrea.bender.79,dkoelsch
andrea.bender.79,lisa.ronellenfitsch
andrea.bender.79,andreas.rose.756
andrea.bender.79,joachim.zimmermann.12
andrea.bender.79,corina.stock
andrea.bender.79,jan.suess
andrea.bender.79,norman.riegel.3
negar.rajabi,MaVats
negar.rajabi,jodesser
negar.rajabi,hong.sun
negar.rajabi,jtjendra
negar.rajabi,maria.kuwilsky
negar.rajabi,christine.wieder.1
negar.rajabi,christophd
negar.rajabi,catalin.andrei.92
events,help
wibke1,cplotkowiak
wibke1,nadine.strifler
wibke1,mplotkowiak
wibke1,karin.wei.14
wibke1,edda.geisler
wibke1,eva.junemann.9
wibke1,fouad.meguenni
wibke1,irmgard.ost
jhsieg,friederike.hoffmann.3
mech.kamal,akinari.oikawa
mech.kamal,rie.ohara
mech.kamal,eiichi.kumon
mech.kamal,shampag
julia.ludwig.927,joachim.zimmermann.12
julia.ludwig.927,benediktz
julia.ludwig.927,lisa.arnold.146
henning.kleb,dina.meli.7
markus.franz.58,dan.tran.357
markus.franz.58,benedikt.halter
friederike.hoffmann.3,patrik.riklin
friederike.hoffmann.3,florian.schnabel
friederike.hoffmann.3,anne.sonnenschein.58
friederike.hoffmann.3,andrihinnen
friederike.hoffmann.3,jhsieg
friederike.hoffmann.3,andrea.giessmann
friederike.hoffmann.3,michael.etter.ch
friederike.hoffmann.3,jana.ebermann
norman.riegel.3,fabian.eberhardt
norman.riegel.3,anna.greus.3
norman.riegel.3,anne.suess
norman.riegel.3,dkoelsch
norman.riegel.3,andrea.bender.79
norman.riegel.3,ckrammer84
norman.riegel.3,Keibertz
norman.riegel.3,corina.stock
merrry28,catalin.andrei.92
cplotkowiak,anna.bisping
cplotkowiak,christoph.wegner.184
cplotkowiak,gosia.matuszak
cplotkowiak,anna.janczynska
cplotkowiak,jana.ebermann
cplotkowiak,akastaten
cplotkowiak,Gils34
WaldoFeraldo,florian.schnabel
WaldoFeraldo,andrea.giessmann
WaldoFeraldo,anne.sonnenschein.58
boris.hierold,sibu.siso.5
boris.hierold,caroline.schmidt.90
boris.hierold,paola.amoroso.7
boris.hierold,michael.gauder
boris.hierold,shampag
boris.hierold,alexander.multhaup
siri.fischer,thomas.friemel.3
siri.fischer,benfret
gfreyburger,BexvanBex
gfreyburger,hong.sun
markus.schoen,cbrumm
markus.schoen,anne.suess
markus.schoen,anna.greus.3
markus.schoen,sqrtsben
markus.schoen,ckrammer84
markus.schoen,benediktz
markus.schoen,andreas.rose.756
markus.schoen,benjamin.stiurins
flo.ba.716,sqrtsben
flo.ba.716,marcus.semlow
flo.ba.716,nina.grumbrecht
flo.ba.716,jana.ebermann
flo.ba.716,joachim.zimmermann.12
linda.ederberg,susan.sunshine.777
linda.ederberg,aarti.b.jhunjhunwala
linda.ederberg,caroline.schmidt.90
linda.ederberg,maya.kehm
linda.ederberg,paola.amoroso.7
linda.ederberg,michael.gauder
linda.ederberg,shampag
linda.ederberg,sandra.preissinger
adriana.abello.71,paola.amoroso.7
adriana.abello.71,michael.gauder
adriana.abello.71,shampag
adriana.abello.71,sandra.preissinger
santa.cruz.5454,HoelzerDaniela
santa.cruz.5454,ni.ki.967
santa.cruz.5454,regina.fasshauer
santa.cruz.5454,Sabina.Lua.Niedersetz
anna.herbert1,dkoelsch
anna.herbert1,vanessa.maus.127
anna.herbert1,lisa.stb
christophd,julist8
christophd,jangumprecht
christophd,mldada
christophd,cornelius
christophd,maria.kuwilsky
christophd,franziska.steiger
christophd,christine.wieder.1
christophd,catalin.andrei.92
sandra.preissinger,caroline.schmidt.90
sandra.preissinger,lauraehm82
sandra.preissinger,maya.kehm
sandra.preissinger,adriana.abello.71
sandra.preissinger,linda.ederberg
sandra.preissinger,michael.gauder
sandra.preissinger,paola.amoroso.7
sandra.preissinger,alexander.multhaup
daniel.rihm.56,anna.greus.3
daniel.rihm.56,dkoelsch
daniel.rihm.56,Keibertz
daniel.rihm.56,wsteitz
daniel.rihm.56,nina.grumbrecht
daniel.rihm.56,joachim.zimmermann.12
daniel.rihm.56,corina.stock
benjamin.stiurins,franz.droehnack
benjamin.stiurins,cschmutz
benjamin.stiurins,fellix.942
benjamin.stiurins,esther.braun.79
benjamin.stiurins,benediktz
benjamin.stiurins,andreas.rose.756
benjamin.stiurins,gosia.moronska
benjamin.stiurins,corina.stock
brigitte.hutabarat,cbrumm
brigitte.hutabarat,jangumprecht
brigitte.hutabarat,laitzel
brigitte.hutabarat,ckrammer84
brigitte.hutabarat,Keibertz
patry.cca,bpbergmann
patry.cca,kathydelcastillo
patry.cca,steffen.hau
patry.cca,dkoelsch
patry.cca,lisa.koelsch.3
patry.cca,jan.suess
nadine.strifler,cplotkowiak
nadine.strifler,wibke1
nadine.strifler,mplotkowiak
nadine.strifler,edda.geisler
nadine.strifler,fouad.meguenni
nadine.strifler,irmgard.ost
esther.braun.79,anne.suess
esther.braun.79,franz.droehnack
esther.braun.79,julian.fleig.18
esther.braun.79,jerome.kommer
esther.braun.79,Keibertz
esther.braun.79,andreas.rose.756
esther.braun.79,joachim.zimmermann.12
esther.braun.79,benjamin.stiurins
steffen.hau,anna.greus.3
steffen.hau,anne.suess
steffen.hau,bpbergmann
steffen.hau,dkoelsch
steffen.hau,benediktz
steffen.hau,andreas.rose.756
steffen.hau,corina.stock
steffen.hau,benjamin.stiurins
svenja.friedel,martin.schmutz
svenja.friedel,shampag
svenja.friedel,andreas.rose.756
dina.meli.7,henning.kleb
anna.ernst.311,aarti.b.jhunjhunwala
anna.ernst.311,caroline.schmidt.90
anna.ernst.311,maya.kehm
anna.ernst.311,paola.amoroso.7
anna.ernst.311,michael.gauder
anna.ernst.311,shampag
hong.sun,negar.rajabi
hong.sun,moefurui
hong.sun,saerom.yoon
hong.sun,gfreyburger
ni.ki.967,stefanie.kruger.583
ni.ki.967,Sabina.Lua.Niedersetz
ni.ki.967,santa.cruz.5454
corina.stock,cbrumm
corina.stock,anne.suess
corina.stock,anna.greus.3
corina.stock,sqrtsben
corina.stock,andrea.bender.79
corina.stock,benediktz
corina.stock,andreas.rose.756
corina.stock,benjamin.stiurins
Sabina.Lua.Niedersetz,santa.cruz.5454
Sabina.Lua.Niedersetz,ni.ki.967
basheer.shaikh.18,manisha.shaikh
basheer.shaikh.18,aarti.b.jhunjhunwala
basheer.shaikh.18,aditya.jhunjhunwala.127
basheer.shaikh.18,shampag
sebastian.enders,cplotkowiak
sebastian.enders,wibke1
sebastian.enders,caroline.schmidt.90
sebastian.enders,edda.geisler
sebastian.enders,fouad.meguenni
sebastian.enders,irmgard.ost
amy.frew,BexvanBex
amy.frew,gregory.brzozowski.7
amy.frew,niko.bender.3
benedikt.halter,markus.franz.58
benedikt.halter,doc.move
karin.wei.14,wibke1
karin.wei.14,edda.geisler
karin.wei.14,mplotkowiak
nina.grumbrecht,anne.suess
nina.grumbrecht,anna.greus.3
nina.grumbrecht,bpbergmann
nina.grumbrecht,aZr4eL
nina.grumbrecht,dkoelsch
nina.grumbrecht,andreas.rose.756
nina.grumbrecht,beate.munch.37
nina.grumbrecht,corina.stock
irmgard.ost,sebastian.enders
irmgard.ost,nadine.strifler
irmgard.ost,wibke1
irmgard.ost,mplotkowiak
irmgard.ost,fouad.meguenni
irmgard.ost,edda.geisler
irmgard.ost,eva.junemann.9
paul.klement.9,jerome.kommer
paul.klement.9,jana.ebermann
paul.klement.9,mplotkowiak
beate.munch.37,laura.kommer
beate.munch.37,lisa.ronellenfitsch
beate.munch.37,jerome.kommer
beate.munch.37,nina.grumbrecht
beate.munch.37,jan.suess
jan.suess,anne.suess
jan.suess,anna.greus.3
jan.suess,sqrtsben
jan.suess,bpbergmann
jan.suess,andrea.bender.79
jan.suess,benediktz
jan.suess,andreas.rose.756
jan.suess,beate.munch.37
christoph.wegner.184,anna.bisping
christoph.wegner.184,cplotkowiak
christoph.wegner.184,mplotkowiak
anna.bisping,cplotkowiak
anna.bisping,christoph.wegner.184
anna.bisping,mplotkowiak
lisa.arnold.146,anna.greus.3
lisa.arnold.146,anne.suess
lisa.arnold.146,sqrtsben
lisa.arnold.146,cschmutz
lisa.arnold.146,benediktz
lisa.arnold.146,andreas.rose.756
lisa.arnold.146,corina.stock
lisa.arnold.146,benjamin.stiurins
islandairhawaii,help
kai.bode.12,nico.lina.92
kai.bode.12,julist8
kai.bode.12,mldada
kai.bode.12,saerom.yoon
kai.bode.12,maria.kuwilsky
kai.bode.12,franziska.steiger
kai.bode.12,christine.wieder.1
kai.bode.12,jracle
hong.d.nguyen.7,lisa.arnold.146
hong.d.nguyen.7,franz.droehnack
hong.d.nguyen.7,benediktz
hong.d.nguyen.7,joachim.zimmermann.12
hong.d.nguyen.7,corina.stock
hong.d.nguyen.7,silje.kristiansen.376
hong.d.nguyen.7,benjamin.stiurins
dan.tran.357,markus.franz.58
dan.tran.357,doc.move
sarah.bright.7140,negar.rajabi
sarah.bright.7140,moefurui
sarah.bright.7140,jodesser
sarah.bright.7140,MaVats
sarah.bright.7140,nicolas.noblot.58
sarah.bright.7140,jtjendra
sarah.bright.7140,christine.wieder.1
sarah.bright.7140,catalin.andrei.92
cschmutz,anne.suess
cschmutz,franz.droehnack
cschmutz,jerome.kommer
cschmutz,benediktz
cschmutz,andreas.rose.756
cschmutz,joachim.zimmermann.12
cschmutz,corina.stock
cschmutz,benjamin.stiurins
aZr4eL,anna.greus.3
aZr4eL,dkoelsch
aZr4eL,wsteitz
aZr4eL,nina.grumbrecht
BobsSnipers,yvonne.zehnich
sebastian.fahrenkrog,jana.ebermann
sebastian.fahrenkrog,katja.andes
nicolas.noblot.58,negar.rajabi
nicolas.noblot.58,moefurui
nicolas.noblot.58,saerom.yoon
nicolas.noblot.58,jodesser
nicolas.noblot.58,sarah.bright.7140
nicolas.noblot.58,thomas.spanuth.3
lisa.ronellenfitsch,anne.suess
lisa.ronellenfitsch,anna.greus.3
lisa.ronellenfitsch,bpbergmann
lisa.ronellenfitsch,andrea.bender.79
lisa.ronellenfitsch,christine.wieder.1
lisa.ronellenfitsch,benediktz
lisa.ronellenfitsch,andreas.rose.756
lisa.ronellenfitsch,beate.munch.37
fouad.meguenni,sebastian.enders
fouad.meguenni,nadine.strifler
fouad.meguenni,wibke1
fouad.meguenni,eva.junemann.9
fouad.meguenni,edda.geisler
fouad.meguenni,irmgard.ost
jerome.kommer,anna.greus.3
jerome.kommer,anne.suess
jerome.kommer,cschmutz
jerome.kommer,esther.braun.79
jerome.kommer,dkoelsch
jerome.kommer,andreas.rose.756
jerome.kommer,beate.munch.37
jerome.kommer,corina.stock
seb.norris.1,silke.leisentritt
seb.norris.1,anne.suess
martin.zacheus,cplotkowiak
martin.zacheus,mplotkowiak
martin.zacheus,stefanie.alten
martin.zacheus,szymon.sobik.5
edda.geisler,sebastian.enders
edda.geisler,nadine.strifler
edda.geisler,wibke1
edda.geisler,mplotkowiak
edda.geisler,karin.wei.14
edda.geisler,eva.junemann.9
edda.geisler,fouad.meguenni
edda.geisler,irmgard.ost
karin.herrmann.129,lauraehm82
karin.herrmann.129,paola.amoroso.7
karin.herrmann.129,shampag
john.scott.7545,nils.wanke
john.scott.7545,julist8
yvonne.zehnich,doc.move
yvonne.zehnich,BobsSnipers
roland.pfister,anne.sonnenschein.58
roland.pfister,lawrence.mcgrath1
roland.pfister,michael.etter.ch
roland.pfister,friederike.hoffmann.3
catalin.andrei.92,merrry28
catalin.andrei.92,jodesser
catalin.andrei.92,amine.miled.9
catalin.andrei.92,maria.kuwilsky
catalin.andrei.92,christine.wieder.1
catalin.andrei.92,carissa.ferren
catalin.andrei.92,olleinad
catalin.andrei.92,christophd
KopfhoererRecordings,help
Maverrick,help
benfret,juliane.lischka
benfret,jesse.jesse.9
benfret,julian.wallace
benfret,kulturkuchen.sebroselkurt
benfret,hermida.martin
benfret,matthias.braendli
benfret,jana.ebermann
benfret,corinne.schweizer.7
HoelzerDaniela,santa.cruz.5454
thomas.friemel.3,juliane.lischka
thomas.friemel.3,sarasigners
thomas.friemel.3,benfret
thomas.friemel.3,jesse.jesse.9
thomas.friemel.3,kulturkuchen.sebroselkurt
thomas.friemel.3,hermida.martin
thomas.friemel.3,matthias.braendli
thomas.friemel.3,corinne.schweizer.7
MaVats,jodesser
MaVats,jtjendra
MaVats,maria.kuwilsky
MaVats,franziska.steiger
MaVats,christine.wieder.1
MaVats,olleinad
MaVats,catalin.andrei.92
MaVats,jracle
rie.ohara,akinari.oikawa
rie.ohara,mech.kamal
rie.ohara,eiichi.kumon
rie.ohara,shampag
julian.fleig.18,anne.suess
julian.fleig.18,cschmutz
julian.fleig.18,esther.braun.79
julian.fleig.18,dkoelsch
julian.fleig.18,benediktz
julian.fleig.18,andreas.rose.756
julian.fleig.18,corina.stock
julian.fleig.18,benjamin.stiurins
1rdee,jana.ebermann
ivi.bojilova,orgler
hermida.martin,juliane.lischka
hermida.martin,sarasigners
hermida.martin,benfret
hermida.martin,jesse.jesse.9
hermida.martin,kulturkuchen.sebroselkurt
hermida.martin,matthias.braendli
hermida.martin,silje.kristiansen.376
hermida.martin,corinne.schweizer.7
orgler,dkoelsch
orgler,michael.gauder
orgler,ivi.bojilova
anja.schulze.1884,jana.ebermann
wsteitz,anne.suess
wsteitz,anna.greus.3
wsteitz,aZr4eL
wsteitz,caroline.schmidt.90
wsteitz,benediktz
wsteitz,andreas.rose.756
wsteitz,andrej.trenhop
wsteitz,benjamin.stiurins
andrea.giessmann,WaldoFeraldo
andrea.giessmann,florian.schnabel
andrea.giessmann,jana.ebermann
andrea.giessmann,friederike.hoffmann.3
lauraehm82,caroline.schmidt.90
lauraehm82,karin.herrmann.129
lauraehm82,shampag
lauraehm82,sandra.preissinger
martin.schmutz,anne.suess
martin.schmutz,franz.droehnack
martin.schmutz,cschmutz
martin.schmutz,fellix.942
martin.schmutz,esther.braun.79
martin.schmutz,andreas.rose.756
martin.schmutz,jan.suess
martin.schmutz,benjamin.stiurins
lawrence.mcgrath1,jana.ebermann
lawrence.mcgrath1,roland.pfister
silje.kristiansen.376,juliane.lischka
silje.kristiansen.376,benfret
silje.kristiansen.376,jesse.jesse.9
silje.kristiansen.376,hong.d.nguyen.7
silje.kristiansen.376,julian.wallace
silje.kristiansen.376,kulturkuchen.sebroselkurt
silje.kristiansen.376,hermida.martin
silje.kristiansen.376,corinne.schweizer.7
akastaten,cplotkowiak
akastaten,andrew.dick.3576
akastaten,mplotkowiak
akastaten,szymon.sobik.5
akastaten,jana.ebermann
corinne.schweizer.7,juliane.lischka
corinne.schweizer.7,sarasigners
corinne.schweizer.7,benfret
corinne.schweizer.7,jesse.jesse.9
corinne.schweizer.7,julian.wallace
corinne.schweizer.7,kulturkuchen.sebroselkurt
corinne.schweizer.7,hermida.martin
corinne.schweizer.7,matthias.braendli
hoerbarbloom,help
juliane.lischka,benfret
juliane.lischka,thomas.friemel.3
juliane.lischka,julian.wallace
juliane.lischka,kulturkuchen.sebroselkurt
juliane.lischka,hermida.martin
juliane.lischka,matthias.braendli
juliane.lischka,silje.kristiansen.376
juliane.lischka,corinne.schweizer.7
anna.greus.3,cbrumm
anna.greus.3,anne.suess
anna.greus.3,aZr4eL
anna.greus.3,caroline.schmidt.90
anna.greus.3,dkoelsch
anna.greus.3,andreas.rose.756
anna.greus.3,corina.stock
anna.greus.3,andrej.trenhop
jesse.jesse.9,sarasigners
jesse.jesse.9,benfret
jesse.jesse.9,thomas.friemel.3
jesse.jesse.9,kulturkuchen.sebroselkurt
jesse.jesse.9,hermida.martin
jesse.jesse.9,matthias.braendli
jesse.jesse.9,silje.kristiansen.376
jesse.jesse.9,corinne.schweizer.7
moefurui,MaVats
moefurui,jodesser
moefurui,hong.sun
moefurui,biehl.matt
moefurui,jtjendra
moefurui,maria.kuwilsky
moefurui,olleinad
moefurui,catalin.andrei.92
dkoelsch,anne.suess
dkoelsch,anna.greus.3
dkoelsch,bpbergmann
dkoelsch,aZr4eL
dkoelsch,andrea.bender.79
dkoelsch,andreas.rose.756
dkoelsch,anja.remke
dkoelsch,anna.herbert1
naddinaddltante,lisa.arnold.146
naddinaddltante,kathydelcastillo
naddinaddltante,dkoelsch
naddinaddltante,joachim.zimmermann.12
alteoperfrankfurt,help
carissa.ferren,catalin.andrei.92
oli.wolf1,fabian.eberhardt
oli.wolf1,sqrtsben
oli.wolf1,laitzel
oli.wolf1,Keibertz
oli.wolf1,wsteitz
oli.wolf1,corina.stock
benediktz,franz.droehnack
benediktz,cschmutz
benediktz,fellix.942
benediktz,dkoelsch
benediktz,Keibertz
benediktz,andreas.rose.756
benediktz,corina.stock
benediktz,benjamin.stiurins
joachim.zimmermann.12,cbrumm
joachim.zimmermann.12,anne.suess
joachim.zimmermann.12,anna.greus.3
joachim.zimmermann.12,sqrtsben
joachim.zimmermann.12,andrea.bender.79
joachim.zimmermann.12,benediktz
joachim.zimmermann.12,andreas.rose.756
joachim.zimmermann.12,benjamin.stiurins
stefan.thorwarth,christian.borth.5
stefan.thorwarth,lisa.stb
stefan.thorwarth,carina.kulbs
conreder,anne.sonnenschein.58
groups,help
christiane.noack.75,jana.ebermann
christiane.noack.75,anja.hanschke.9
christiane.noack.75,mplotkowiak
nico.lina.92,julist8
nico.lina.92,kai.bode.12
nico.lina.92,mldada
nico.lina.92,BexvanBex
nico.lina.92,maria.kuwilsky
nico.lina.92,franziska.steiger
nico.lina.92,christine.wieder.1
nico.lina.92,christophd
anja.hanschke.9,jana.ebermann
anja.hanschke.9,christiane.noack.75
sebastian.seitz.796,zara.radeva
sebastian.seitz.796,jangumprecht
sebastian.seitz.796,amanda.mickley1
sebastian.seitz.796,olivergassxt
cbrumm,fabian.eberhardt
cbrumm,brigitte.hutabarat
cbrumm,anna.greus.3
cbrumm,sqrtsben
cbrumm,dkoelsch
cbrumm,ckrammer84
cbrumm,Keibertz
cbrumm,corina.stock
manisha.shaikh,aarti.b.jhunjhunwala
manisha.shaikh,aditya.jhunjhunwala.127
manisha.shaikh,paola.amoroso.7
manisha.shaikh,shampag
manisha.shaikh,basheer.shaikh.18
gosia.matuszak,rzemateusz
gosia.matuszak,cplotkowiak
gosia.matuszak,mplotkowiak
hannah.weiss.92505,doc.move
hannah.weiss.92505,steffen.hau
laitzel,cbrumm
laitzel,brigitte.hutabarat
laitzel,fabian.eberhardt
laitzel,sqrtsben
laitzel,dkoelsch
laitzel,ckrammer84
laitzel,Keibertz
laitzel,corina.stock
amine.miled.9,thomas.spanuth.3
amine.miled.9,catalin.andrei.92
pages,help
paola.amoroso.7,anna.greus.3
paola.amoroso.7,manisha.shaikh
paola.amoroso.7,boris.hierold
paola.amoroso.7,aditya.jhunjhunwala.127
paola.amoroso.7,anna.ernst.311
paola.amoroso.7,adriana.abello.71
paola.amoroso.7,karin.herrmann.129
paola.amoroso.7,linda.ederberg
niko.bender.3,BexvanBex
niko.bender.3,amy.frew
niko.bender.3,gregory.brzozowski.7
niko.bender.3,maria.kuwilsky
michael.gauder,anna.greus.3
michael.gauder,boris.hierold
michael.gauder,caroline.schmidt.90
michael.gauder,dkoelsch
michael.gauder,anna.ernst.311
michael.gauder,adriana.abello.71
michael.gauder,jana.ebermann
michael.gauder,corina.stock
andrej.trenhop,julia.baumann.1293
andrej.trenhop,anna.greus.3
andrej.trenhop,wsteitz
vanessa.maus.127,anna.herbert1
vanessa.maus.127,lisa.stb
linus.stegbauer,lisa.stb
yutmun,nico.lina.92
yutmun,julist8
yutmun,kai.bode.12
yutmun,myth.omania.3
yutmun,mldada
yutmun,saerom.yoon
yutmun,maria.kuwilsky
yutmun,franziska.steiger
thomas.engenhorst,julist8
thomas.engenhorst,kai.bode.12
thomas.engenhorst,eike.nicklas
thomas.engenhorst,MaVats
thomas.engenhorst,maria.kuwilsky
thomas.engenhorst,franziska.steiger
thomas.engenhorst,christine.wieder.1
thomas.engenhorst,jracle
eiichi.kumon,akinari.oikawa
eiichi.kumon,rie.ohara
eiichi.kumon,mplotkowiak
eiichi.kumon,mech.kamal
eiichi.kumon,shampag
alexander.multhaup,sabine.kirsch.589
alexander.multhaup,boris.hierold
alexander.multhaup,caroline.schmidt.90
alexander.multhaup,shampag
alexander.multhaup,sandra.preissinger
markus.sorg.77,fabian.eberhardt
markus.sorg.77,malte.probst
markus.sorg.77,heiwal.2016
markus.sorg.77,kkattzzaa
markus.sorg.77,wsteitz
jracle,kai.bode.12
jracle,eike.nicklas
jracle,MaVats
jracle,biehl.matt
jracle,maria.kuwilsky
jracle,franziska.steiger
jracle,christine.wieder.1
photo,help
susanne.murbeth,julist8
susanne.murbeth,kai.bode.12
susanne.murbeth,biehl.matt
susanne.murbeth,maria.kuwilsky
susanne.murbeth,franziska.steiger
susanne.murbeth,christine.wieder.1
susanne.murbeth,christophd
susanne.murbeth,jracle
jangumprecht,cbrumm
jangumprecht,brigitte.hutabarat
jangumprecht,sqrtsben
jangumprecht,bpbergmann
jangumprecht,cornelius
jangumprecht,ckrammer84
jangumprecht,corina.stock
jangumprecht,christophd
malte.probst,fabian.eberhardt
malte.probst,anna.greus.3
malte.probst,heiwal.2016
malte.probst,kkattzzaa
malte.probst,dkoelsch
malte.probst,markus.schoen
malte.probst,franz.rothlauf
malte.probst,markus.sorg.77
patrik.riklin,friederike.hoffmann.3
patrik.riklin,berd.schluechter
andrew.dick.3576,akastaten
andrew.dick.3576,mplotkowiak
jana.bimova.75,stefanie.alten
jana.bimova.75,jana.ebermann
jana.bimova.75,mplotkowiak
jodesser,negar.rajabi
jodesser,moefurui
jodesser,eike.nicklas
jodesser,MaVats
jodesser,nicolas.noblot.58
jodesser,sarah.bright.7140
jodesser,thomas.spanuth.3
jodesser,catalin.andrei.92
caroline.schmidt.90,anna.greus.3
caroline.schmidt.90,aarti.b.jhunjhunwala
caroline.schmidt.90,boris.hierold
caroline.schmidt.90,dkoelsch
caroline.schmidt.90,anna.ernst.311
caroline.schmidt.90,andreas.rose.756
caroline.schmidt.90,jan.suess
caroline.schmidt.90,alexander.multhaup
rainer.fuehrs,shampag
julia.baumann.1293,cbrumm
julia.baumann.1293,anna.greus.3
julia.baumann.1293,bpbergmann
julia.baumann.1293,dkoelsch
julia.baumann.1293,Keibertz
julia.baumann.1293,andreas.rose.756
julia.baumann.1293,joachim.zimmermann.12
julia.baumann.1293,andrej.trenhop
jtjendra,negar.rajabi
jtjendra,moefurui
jtjendra,MaVats
jtjendra,sarah.bright.7140
johannes.kay.35,cbrumm
johannes.kay.35,fabian.eberhardt
johannes.kay.35,philipp.fleck.96
johannes.kay.35,laitzel
johannes.kay.35,markus.schoen
johannes.kay.35,Keibertz
johannes.kay.35,corina.stock
johannes.kay.35,norman.riegel.3
andrihinnen,friederike.hoffmann.3
andrihinnen,celina.feser
gosia.moronska,lisa.arnold.146
gosia.moronska,franz.droehnack
gosia.moronska,joachim.zimmermann.12
gosia.moronska,benjamin.stiurins
mseeland,jangumprecht
mseeland,sqrtsben
mseeland,cornelius
mseeland,laitzel
mseeland,ckrammer84
mseeland,pkling
mseeland,norman.riegel.3
Gils34,cplotkowiak
reykjavikexcursions,help
sibu.siso.5,christian.borth.5
sibu.siso.5,boris.hierold
sibu.siso.5,shampag
miroslava.nedyalkova.7,zara.radeva
miroslava.nedyalkova.7,ralitsa.lyubenova
miroslava.nedyalkova.7,markus.schoen
miroslava.nedyalkova.7,Keibertz
miroslava.nedyalkova.7,joachim.zimmermann.12
miroslava.nedyalkova.7,corina.stock
miroslava.nedyalkova.7,jan.suess
marcus.semlow,flo.ba.716
marcus.semlow,wsteitz
marcus.semlow,joachim.zimmermann.12
marcus.semlow,jan.suess
doc.move,dan.tran.357
doc.move,hannah.weiss.92505
doc.move,benedikt.halter
doc.move,yvonne.zehnich
maxitaxip,lisa.arnold.146
maxitaxip,sqrtsben
maxitaxip,franz.droehnack
maxitaxip,laitzel
maxitaxip,ckrammer84
maxitaxip,Keibertz
maxitaxip,joachim.zimmermann.12
maxitaxip,corina.stock
anne.sonnenschein.58,michael.etter.ch
anne.sonnenschein.58,WaldoFeraldo
anne.sonnenschein.58,mplotkowiak
anne.sonnenschein.58,conreder
anne.sonnenschein.58,jana.ebermann
anne.sonnenschein.58,friederike.hoffmann.3
anne.sonnenschein.58,roland.pfister
philipp.fleck.96,cbrumm
philipp.fleck.96,fabian.eberhardt
philipp.fleck.96,sqrtsben
philipp.fleck.96,dkoelsch
philipp.fleck.96,ckrammer84
philipp.fleck.96,johannes.kay.35
philipp.fleck.96,Keibertz
philipp.fleck.96,corina.stock
terry.gregory.9028,khwanyo.bu
tijefferson,khwanyo.bu
nils.wanke,fabian.eberhardt
nils.wanke,cbrumm
nils.wanke,markus.schoen
nils.wanke,Keibertz
nils.wanke,john.scott.7545
nils.wanke,corina.stock
franz.rothlauf,wsteitz
franz.rothlauf,anna.greus.3
franz.rothlauf,malte.probst
akinari.oikawa,rie.ohara
akinari.oikawa,mech.kamal
akinari.oikawa,eiichi.kumon
akinari.oikawa,shampag
zara.radeva,fabian.eberhardt
zara.radeva,anna.greus.3
zara.radeva,sqrtsben
zara.radeva,dkoelsch
zara.radeva,ckrammer84
zara.radeva,Keibertz
zara.radeva,andreas.rose.756
zara.radeva,corina.stock
anne.suess,anna.greus.3
anne.suess,franz.droehnack
anne.suess,cschmutz
anne.suess,esther.braun.79
anne.suess,dkoelsch
anne.suess,andreas.rose.756
anne.suess,corina.stock
anne.suess,jan.suess
sqrtsben,cbrumm
sqrtsben,fabian.eberhardt
sqrtsben,dkoelsch
sqrtsben,ckrammer84
sqrtsben,flo.ba.716
sqrtsben,Keibertz
sqrtsben,andreas.rose.756
sqrtsben,corina.stock
stefanie.kruger.583,julist8
stefanie.kruger.583,bpbergmann
stefanie.kruger.583,dkoelsch
stefanie.kruger.583,franziska.steiger
stefanie.kruger.583,christine.wieder.1
stefanie.kruger.583,olleinad
stefanie.kruger.583,christophd
stefanie.kruger.583,catalin.andrei.92
saerom.yoon,julist8
saerom.yoon,kai.bode.12
saerom.yoon,hong.sun
saerom.yoon,maria.kuwilsky
saerom.yoon,christine.wieder.1
saerom.yoon,olleinad
saerom.yoon,christophd
saerom.yoon,catalin.andrei.92
ralitsa.lyubenova,zara.radeva
ralitsa.lyubenova,miroslava.nedyalkova.7
ralitsa.lyubenova,nina.grumbrecht
ralitsa.lyubenova,jana.ebermann
ralitsa.lyubenova,joachim.zimmermann.12
ralitsa.lyubenova,jan.suess
anna.janczynska,cplotkowiak
kulturkuchen.sebroselkurt,juliane.lischka
kulturkuchen.sebroselkurt,sarasigners
kulturkuchen.sebroselkurt,benfret
kulturkuchen.sebroselkurt,jesse.jesse.9
kulturkuchen.sebroselkurt,julian.wallace
kulturkuchen.sebroselkurt,hermida.martin
kulturkuchen.sebroselkurt,matthias.braendli
kulturkuchen.sebroselkurt,corinne.schweizer.7
thenis.fanie,maxitaxip
thenis.fanie,zara.radeva
thenis.fanie,Keibertz
lisa.koelsch.3,patry.cca
lisa.koelsch.3,lisa.arnold.146
lisa.koelsch.3,bpbergmann
lisa.koelsch.3,kai.rudolph.52
lisa.koelsch.3,dkoelsch
lisa.koelsch.3,jan.suess
lisa.koelsch.3,shampag
lisa.koelsch.3,norman.riegel.3
Tracylrj,kai.bode.12
Tracylrj,saerom.yoon
Tracylrj,BexvanBex
Tracylrj,jodesser
Tracylrj,pkling
eva.junemann.9,wibke1
eva.junemann.9,mplotkowiak
eva.junemann.9,fouad.meguenni
eva.junemann.9,edda.geisler
eva.junemann.9,irmgard.ost
thomas.spanuth.3,negar.rajabi
thomas.spanuth.3,saerom.yoon
thomas.spanuth.3,jodesser
thomas.spanuth.3,sarah.bright.7140
thomas.spanuth.3,nicolas.noblot.58
thomas.spanuth.3,amine.miled.9
Keibertz,cbrumm
Keibertz,brigitte.hutabarat
Keibertz,anna.greus.3
Keibertz,sqrtsben
Keibertz,ckrammer84
Keibertz,benediktz
Keibertz,andreas.rose.756
Keibertz,corina.stock
franziska.steiger,julist8
franziska.steiger,kai.bode.12
franziska.steiger,mldada
franziska.steiger,MaVats
franziska.steiger,maria.kuwilsky
franziska.steiger,christine.wieder.1
franziska.steiger,christophd
franziska.steiger,jracle
junaid.saiyed.98,aarti.b.jhunjhunwala
junaid.saiyed.98,shampag
khwanyo.bu,tijefferson
khwanyo.bu,terry.gregory.9028
heiwal.2016,fabian.eberhardt
heiwal.2016,malte.probst
heiwal.2016,anna.greus.3
heiwal.2016,dkoelsch
heiwal.2016,ckrammer84
heiwal.2016,wsteitz
heiwal.2016,markus.sorg.77
olleinad,moefurui
olleinad,saerom.yoon
olleinad,MaVats
olleinad,stefanie.kruger.583
olleinad,maria.kuwilsky
olleinad,catalin.andrei.92
christian.borth.5,stefan.thorwarth
christian.borth.5,lisa.stb
christian.borth.5,sibu.siso.5
photo.php,help
olivergassxt,sebastian.seitz.796
olivergassxt,anna.greus.3
olivergassxt,amanda.mickley1
olivergassxt,dkoelsch
olivergassxt,julia.baumann.1293
olivergassxt,nina.grumbrecht
olivergassxt,shampag
julist8,nico.lina.92
julist8,kai.bode.12
julist8,mldada
julist8,maria.kuwilsky
julist8,franziska.steiger
julist8,christine.wieder.1
julist8,john.scott.7545
julist8,christophd
sabine.kirsch.589,bpbergmann
sabine.kirsch.589,stefanie.kruger.583
sabine.kirsch.589,kai.rudolph.52
sabine.kirsch.589,caroline.schmidt.90
sabine.kirsch.589,dkoelsch
sabine.kirsch.589,jan.suess
sabine.kirsch.589,shampag
sabine.kirsch.589,alexander.multhaup
amanda.mickley1,sebastian.seitz.796
amanda.mickley1,olivergassxt
eike.nicklas,mldada
eike.nicklas,jodesser
eike.nicklas,biehl.matt
eike.nicklas,christine.wieder.1
eike.nicklas,thomas.engenhorst
eike.nicklas,jracle
fellix.942,lisa.arnold.146
fellix.942,franz.droehnack
fellix.942,julian.fleig.18
fellix.942,jerome.kommer
fellix.942,benediktz
fellix.942,andreas.rose.756
fellix.942,joachim.zimmermann.12
fellix.942,benjamin.stiurins
kai.rudolph.52,susanne.jungmann
kai.rudolph.52,sabine.kirsch.589
kai.rudolph.52,bpbergmann
kai.rudolph.52,dkoelsch
kai.rudolph.52,lisa.koelsch.3
kai.rudolph.52,corina.stock
kai.rudolph.52,jan.suess
mplotkowiak,anna.bisping
mplotkowiak,christiane.noack.75
mplotkowiak,cplotkowiak
mplotkowiak,amber.fruhlingly
mplotkowiak,andrew.dick.3576
mplotkowiak,anne.sonnenschein.58
mplotkowiak,akastaten
mplotkowiak,christoph.wegner.184
stefanie.alten,jana.bimova.75
stefanie.alten,mplotkowiak
stefanie.alten,martin.zacheus
stefanie.alten,jana.ebermann
szymon.sobik.5,cplotkowiak
szymon.sobik.5,mplotkowiak
szymon.sobik.5,hana.ser.5
szymon.sobik.5,martin.zacheus
szymon.sobik.5,jana.ebermann
szymon.sobik.5,akastaten
ckrammer84,cbrumm
ckrammer84,brigitte.hutabarat
ckrammer84,fabian.eberhardt
ckrammer84,sqrtsben
ckrammer84,heiwal.2016
ckrammer84,dkoelsch
ckrammer84,Keibertz
ckrammer84,corina.stock
meinname04,nico.lina.92
meinname04,susanne.murbeth
meinname04,mldada
meinname04,stefanie.kruger.583
meinname04,maria.kuwilsky
meinname04,christine.wieder.1
maria.kuwilsky,julist8
maria.kuwilsky,kai.bode.12
maria.kuwilsky,franziska.steiger
maria.kuwilsky,christine.wieder.1
maria.kuwilsky,olleinad
maria.kuwilsky,christophd
maria.kuwilsky,catalin.andrei.92
maria.kuwilsky,jracle
jana.ebermann,christiane.noack.75
jana.ebermann,anja.hanschke.9
jana.ebermann,anna.greus.3
jana.ebermann,anne.suess
jana.ebermann,benfret
jana.ebermann,anne.sonnenschein.58
jana.ebermann,andrea.giessmann
jana.ebermann,anja.schulze.1884
caroline.riggs.39,jan.suess
regina.fasshauer,santa.cruz.5454
shampag,akinari.oikawa
shampag,anna.greus.3
shampag,aarti.b.jhunjhunwala
shampag,aditya.jhunjhunwala.127
shampag,anna.ernst.311
shampag,adriana.abello.71
shampag,andreas.rose.756
shampag,alexander.multhaup
silke.leisentritt,kathydelcastillo
silke.leisentritt,julian.fleig.18
silke.leisentritt,dkoelsch
silke.leisentritt,jerome.kommer
silke.leisentritt,Keibertz
silke.leisentritt,andreas.rose.756
silke.leisentritt,joachim.zimmermann.12
silke.leisentritt,corina.stock
myth.omania.3,yutmun
myth.omania.3,saerom.yoon
myth.omania.3,thomas.engenhorst
florian.schnabel,WaldoFeraldo
florian.schnabel,andrea.giessmann
florian.schnabel,michael.etter.ch
florian.schnabel,friederike.hoffmann.3
gregory.brzozowski.7,amy.frew
gregory.brzozowski.7,niko.bender.3
rzemateusz,mplotkowiak
rzemateusz,gosia.matuszak
rzemateusz,cplotkowiak
maya.kehm,anna.ernst.311
maya.kehm,linda.ederberg
maya.kehm,shampag
maya.kehm,sandra.preissinger
matthias.braendli,juliane.lischka
matthias.braendli,sarasigners
matthias.braendli,benfret
matthias.braendli,jesse.jesse.9
matthias.braendli,julian.wallace
matthias.braendli,kulturkuchen.sebroselkurt
matthias.braendli,hermida.martin
matthias.braendli,corinne.schweizer.7
joanna.kaczorowska.5,cplotkowiak
joanna.kaczorowska.5,mplotkowiak
celina.feser,andrihinnen
BobMarley,help
bpbergmann,jangumprecht
bpbergmann,kai.rudolph.52
bpbergmann,dkoelsch
bpbergmann,julia.baumann.1293
bpbergmann,lisa.koelsch.3
bpbergmann,lisa.ronellenfitsch
bpbergmann,nina.grumbrecht
bpbergmann,jan.suess
mldada,julist8
mldada,kai.bode.12
mldada,eike.nicklas
mldada,maria.kuwilsky
mldada,franziska.steiger
mldada,christine.wieder.1
mldada,christophd
mldada,catalin.andrei.92
attn,help
aarti.b.jhunjhunwala,manisha.shaikh
aarti.b.jhunjhunwala,caroline.schmidt.90
aarti.b.jhunjhunwala,aditya.jhunjhunwala.127
aarti.b.jhunjhunwala,anna.ernst.311
aarti.b.jhunjhunwala,linda.ederberg
aarti.b.jhunjhunwala,junaid.saiyed.98
aarti.b.jhunjhunwala,shampag
aarti.b.jhunjhunwala,basheer.shaikh.18
profile.php,help
aditya.jhunjhunwala.127,manisha.shaikh
aditya.jhunjhunwala.127,aarti.b.jhunjhunwala
aditya.jhunjhunwala.127,paola.amoroso.7
aditya.jhunjhunwala.127,shampag
aditya.jhunjhunwala.127,basheer.shaikh.18
Deshalbbinichpleite,DeshalbBinIchPleite
pkling,cbrumm
pkling,jangumprecht
pkling,Tracylrj
pkling,christophd
pkling,mseeland
michael.etter.ch,florian.schnabel
michael.etter.ch,anne.sonnenschein.58
michael.etter.ch,jana.ebermann
michael.etter.ch,friederike.hoffmann.3
michael.etter.ch,roland.pfister
katja.andes,cornelius
katja.andes,sebastian.fahrenkrog
katja.andes,anja.remke
katja.andes,jana.ebermann
roland.gruschka.9,jan.suess
roland.gruschka.9,andreas.rose.756
anja.remke,dkoelsch
anja.remke,katja.andes
berd.schluechter,patrik.riklin
sarasigners,benfret
sarasigners,jesse.jesse.9
sarasigners,thomas.friemel.3
sarasigners,kulturkuchen.sebroselkurt
sarasigners,hermida.martin
sarasigners,matthias.braendli
sarasigners,silje.kristiansen.376
sarasigners,corinne.schweizer.7
susanne.jungmann,bpbergmann
susanne.jungmann,kai.rudolph.52
susanne.jungmann,lisa.koelsch.3
susanne.jungmann,markus.schoen
susanne.jungmann,wsteitz
laura.kommer,anna.greus.3
laura.kommer,anne.suess
laura.kommer,dkoelsch
laura.kommer,Keibertz
laura.kommer,andreas.rose.756
laura.kommer,beate.munch.37
laura.kommer,corina.stock
laura.kommer,jan.suess
BexvanBex,julist8
BexvanBex,amy.frew
BexvanBex,gfreyburger
BexvanBex,franziska.steiger
BexvanBex,christine.wieder.1
BexvanBex,friederike.hoffmann.3
BexvanBex,christophd
BexvanBex,catalin.andrei.92
carina.kulbs,stefan.thorwarth
julian.wallace,juliane.lischka
julian.wallace,benfret
julian.wallace,kulturkuchen.sebroselkurt
julian.wallace,matthias.braendli
julian.wallace,silje.kristiansen.376
julian.wallace,corinne.schweizer.7
kkattzzaa,cbrumm
kkattzzaa,fabian.eberhardt
kkattzzaa,anna.greus.3
kkattzzaa,dkoelsch
kkattzzaa,ckrammer84
kkattzzaa,Keibertz
kkattzzaa,joachim.zimmermann.12
kkattzzaa,corina.stock
cornelius,jangumprecht
cornelius,katja.andes
cornelius,christophd
cornelius,mseeland
lisa.stb,stefan.thorwarth
lisa.stb,linus.stegbauer
lisa.stb,vanessa.maus.127
lisa.stb,anna.herbert1
lisa.stb,christian.borth.5
hana.ser.5,szymon.sobik.5
hana.ser.5,cplotkowiak
hana.ser.5,mplotkowiak
christine.wieder.1,julist8
christine.wieder.1,kai.bode.12
christine.wieder.1,eike.nicklas
christine.wieder.1,lisa.ronellenfitsch
christine.wieder.1,franziska.steiger
christine.wieder.1,christophd
christine.wieder.1,catalin.andrei.92
christine.wieder.1,jracle
andreas.rose.756,anna.greus.3
andreas.rose.756,anne.suess
andreas.rose.756,sqrtsben
andreas.rose.756,cschmutz
andreas.rose.756,caroline.schmidt.90
andreas.rose.756,andrea.bender.79
andreas.rose.756,benediktz
andreas.rose.756,benjamin.stiurins
